Index,Close
0,124.19364650950355
1,123.31456427194213
2,122.81139037571144
3,122.39582700974135
4,121.54375015678022
5,120.96901057082981
6,120.58668057343948
7,119.7762996903394
8,119.13480330567774
9,118.76749858514866
