Index,Close
0,122.15891
1,121.59547
2,121.067955
3,120.56033
4,120.081505
5,119.742355
6,119.44484
7,119.12702
8,118.867165
9,118.710045
